epoch,accuracy,loss,lr,val_accuracy,val_loss
0,0.5850585103034973,0.8918970823287964,0.001,0.6693548560142517,0.741782009601593
